student_id,first_name,last_name,dob,gender,email,phone_number,password,national_id,register_date,province,address,status
S001,Heidi,Brock,2003-12-20,female,yconley@hotmail.com,(742)736-1556,#o*3CpAM2x,771-38-2136,2025-02-15,Nebraska,"80386 Michael Track Suite 492 East Dennis, NC 36147",1
S002,Michael,Hartman,2006-02-21,female,cartermark@hotmail.com,347-720-8431,E8oChmMv^),516-67-4467,2025-02-01,Washington,"086 Briggs Hill Apt. 122 East Christine, OR 48094",1
S003,Kimberly,Clark,2005-07-14,male,nguyencharles@williamson.com,3126175854,N&U9$4Xm(),335-74-0682,2025-02-02,Arkansas,"38791 Alexander Springs New Gregoryview, WA 00809",1
S004,Ashley,Hutchinson,2003-12-03,female,norma06@lopez.com,6185654773,hK8!WB%u6&,204-95-7033,2025-03-17,South Carolina,"1704 Carr Manor New Andrew, WY 73154",1
S005,Victoria,Hunter,2006-01-12,female,moorebrianna@jimenez-newton.com,(514)823-2968,$3HtN6sC+e,564-57-5583,2025-01-01,Minnesota,"42142 Erin Village Longshire, FL 01592",1
S006,Brandon,Archer,2002-07-05,male,shawna30@nguyen.com,500-010-7394,S1BmH1Gp@l,372-25-6928,2025-03-19,Illinois,"010 Johnston Trail Deanfurt, AZ 14332",1
S007,Jessica,Woods,2002-06-09,male,amy70@hotmail.com,497.150.8947,w%57eTy6#h,506-53-8149,2025-01-18,Pennsylvania,"2046 Barron Land Michelleshire, NV 25249",1
S008,Stephen,Benton,2004-12-14,male,pachecotracy@lin-garcia.com,+1-614-435-9222,(gsE!3Nwo!,266-08-4894,2025-02-26,Washington,"036 Ingram Track Melissamouth, IA 55841",1
S009,Keith,Powell,2004-09-07,male,sharpcarly@gmail.com,566-985-2675,Bu4zA0xh!9,465-68-5770,2025-01-06,Alaska,"3156 Jackson Key Suite 944 North Kaitlyn, VT 54588",1
S010,Jenny,Foster,2003-10-07,female,timothygrant@hotmail.com,022.227.0957,Dq%K4Dtl5@,366-14-5018,2025-02-21,Arizona,"0474 Rebecca Curve Apt. 323 Michaelberg, ND 20476",1
S011,Patricia,Bailey,2006-12-23,male,vmartin@yahoo.com,020.561.8084,Z)3WgQqeci,634-68-4329,2025-03-08,Iowa,"248 Julie Locks Apt. 506 North Brittanyview, KS 64123",1
S012,Christine,Elliott,2005-04-03,male,omyers@booth.com,739-454-4150,I8USRHdt&A,412-04-3643,2025-02-25,Illinois,"63039 Brown Fall Port Paulaborough, VA 01887",1
S013,Andrew,Rodriguez,2002-12-15,male,pauljenkins@hotmail.com,9166798166,7$X7JfBHFn,475-42-3798,2025-03-23,New Hampshire,Unit 3384 Box 9051 DPO AE 72106,1
S014,Barbara,Harvey,2003-07-09,female,courtney51@yahoo.com,8761809394,%HDUn%QxD7,506-49-1137,2025-03-08,New Hampshire,"529 Malone Rapids Apt. 097 Lake Josephside, KY 06612",1
S015,Kara,Fisher,2003-11-02,male,jacksonmichelle@hotmail.com,264-637-3295,!18CZQw0x0,031-99-7519,2025-01-13,New Jersey,"10110 Hayes Burgs Apt. 072 South Paulfurt, NY 25443",1
S016,Vickie,Reyes,2005-06-10,male,wellspatricia@yahoo.com,5680030028,_6fcT8Xd3O,032-87-9993,2025-02-02,Pennsylvania,"6959 Griffin View Suite 770 Lake Nicholastown, LA 82538",1
S017,Alice,Davis,2005-09-06,male,webbmichael@townsend-johnson.com,178.150.0816,6ANQUom0)f,365-99-1399,2025-03-27,Iowa,"8471 Charles Lake Suite 927 Allenmouth, ND 71174",1
S018,Tyler,Park,2004-05-14,female,joel12@valdez.com,276-479-8267,*syAoCoB3w,650-40-1136,2025-01-22,Utah,"06045 Shawn Rapids Velazquezton, ID 61035",1
S019,Sarah,Jones,2004-05-01,female,fmarshall@yahoo.com,+1-627-478-9052,^jD)*1Xpij,283-62-7817,2025-03-26,North Dakota,"543 Randy Avenue Dillonchester, NM 05466",1
S020,Erica,Hayes,2006-06-13,male,denisesanchez@gmail.com,852.016.6955,)S^8JWelqD,432-44-5239,2025-03-16,Montana,"125 Rice Lights Suite 618 Stephenfurt, MA 70098",1
S021,Anthony,Levine,2003-03-21,male,ldoyle@yahoo.com,092.402.4923,J&W0XucH6n,063-88-0787,2025-02-09,Wisconsin,"98169 Clark Trail North Marcus, TN 62263",1
S022,Drew,Sanford,2003-05-24,female,ronaldmalone@weber.info,(080)503-3520,%fA0pRJN8p,175-81-2342,2025-01-31,Vermont,"53529 Daniel Unions Port Patriciaview, SD 83866",1
S023,Brad,Goodwin,2005-07-31,female,ellisonmonica@hotmail.com,4501191244,+7YHhPQ1dk,754-64-9175,2025-02-26,Hawaii,"0627 Cook Trace North Andrewstad, UT 10051",1
S024,Wendy,Frank,2003-06-28,female,jennifer57@martinez.com,124-862-8320,33yX@$uB*k,372-65-0661,2025-02-27,Nebraska,"PSC 3064, Box 2434 APO AE 04964",1
S025,Jennifer,Owen,2005-06-02,male,coreyross@griffin.com,(610)845-2903,yJ5BFvy)&6,048-06-1213,2025-01-20,Wisconsin,"16276 Rodriguez Forge Suite 126 Johnberg, MN 55148",1
S026,Kevin,Morris,2003-07-27,female,fbrady@santiago-washington.com,(534)236-3113,&lTwXAMNH6,372-42-2066,2025-02-15,New York,"46281 Jessica Keys Apt. 928 Elizabethberg, AL 65920",1
S027,Corey,Ward,2003-06-16,male,sonia99@gmail.com,(370)315-4157,eYvr6o2y#^,419-94-7119,2025-02-04,Michigan,USNV Evans FPO AA 81405,1
S028,Marc,Wilcox,2007-01-07,male,bellthomas@bryan.org,880322383,K5C6OpiEm$,678-73-3466,2025-03-16,Alabama,"515 Lewis Village Apt. 747 Carrilloside, KY 98483",1
S029,Matthew,Craig,2005-04-11,male,david56@gmail.com,015.276.8559,!9OQxs$1oY,617-85-0686,2025-03-09,Iowa,"7826 Adams View Pattersonview, MN 16208",1
S030,Michael,Mclaughlin,2006-08-27,male,wardjeffery@sanchez.com,6046028410,3$K(02NxH@,280-68-8271,2025-02-15,Montana,"540 Olivia Forge Suite 279 Katiemouth, WA 19102",1
S031,Kristin,Lawson,2003-12-16,female,arthur11@williams.com,(119)069-4573,)5RCZ4tp#t,472-01-9483,2025-01-14,Oklahoma,"491 Haynes Squares Suite 001 Jenniferview, AR 76781",1
S032,Kimberly,Cox,2006-01-31,female,stephaniehodges@gmail.com,+1-537-446-6141,%^^bwVf4gT,225-86-0547,2025-01-02,Kansas,"072 Melanie Fall Stephentown, MA 06046",1
S033,Veronica,Walters,2004-05-26,male,williamcarpenter@howell-barnett.org,(330)784-3097,6fFB&jGe(0,841-15-7356,2025-01-17,South Carolina,"49548 Joseph Port Apt. 656 Vaughanchester, NY 15133",1
S034,Jessica,Schneider,2004-12-30,male,vlittle@wilson-ford.com,889.823.7206,_cZJasDan7,456-38-2334,2025-01-29,Massachusetts,"8915 Ross View North Brian, NC 06293",1
S035,Felicia,Zhang,2003-06-18,female,thomashayes@yahoo.com,873.681.5649,+GDkO*iq5*,363-96-7641,2025-03-13,Missouri,"58166 Murphy Street Suite 251 Port Lindaborough, GA 17801",1
S036,Courtney,Tucker,2005-08-16,female,rodriguezchelsea@yahoo.com,859-016-6798,uc#0DHeZ_^,279-87-1517,2025-03-21,Nebraska,"9841 Dickerson Lights Perryland, WI 96726",1
S037,Jenny,Perez,2004-12-13,male,mark30@payne.com,(601)742-3486,D+7UFhBz^M,102-11-7112,2025-03-21,Nevada,"1086 Jones Neck Apt. 695 New Anthonytown, OR 75454",1
S038,Marissa,Kim,2005-05-01,female,amanda73@mitchell-cox.com,158-239-2011,(6fZ1Wsvk#,291-60-4399,2025-01-05,Utah,"PSC 8332, Box 4039 APO AA 83777",1
S039,Patricia,Riggs,2005-12-27,female,edwardsjennifer@moore-walsh.com,529.467.3842,&7JkKurW%F,848-51-4748,2025-01-04,Alaska,"87897 Megan Fork Kimton, OR 74715",1
S040,Brenda,Hudson,2006-11-26,male,robinsonbrandon@hotmail.com,421.216.5415,nT6CFSda%5,515-61-6805,2025-01-29,California,"554 Branch Center Lake Sheila, TN 99095",1
S041,Mary,Nash,2003-11-08,female,vleon@yahoo.com,+1-637-388-3599,q)2G(LybX(,816-97-7388,2025-01-08,Michigan,"PSC 6336, Box 0149 APO AP 49214",1
S042,Frank,Sanchez,2006-01-01,male,guerrajoyce@gmail.com,(050)989-7475,w&H6H*tuJK,856-73-0909,2025-03-12,Utah,"PSC 3311, Box 3603 APO AA 16036",1
S043,John,Dawson,2004-01-18,female,deannareynolds@mcdowell.net,408-350-8408,q2lna1Ye#@,435-96-8848,2025-03-24,Texas,"94863 Rodriguez Trafficway Suite 318 Amyberg, NY 05503",1
S044,Glenda,Hendrix,2005-04-24,male,dwells@adkins.net,+1-134-671-5031,7s6rPilG!7,142-44-0933,2025-01-26,New Mexico,"781 Brenda Isle Robertbury, ND 94157",1
S045,Matthew,Davila,2004-07-19,male,wilkersonjames@gmail.com,6416663062,*oB5Tzj0z&,774-39-9340,2025-02-23,Nebraska,"4619 Barton Rue Apt. 371 Lake Michael, NY 86525",1
S046,Andrew,Sanchez,2003-01-21,male,vherrera@gmail.com,+1-360-865-5721,L5EzHLYl%^,192-90-2651,2025-02-17,North Dakota,"51067 Moore Bridge Jamesville, IA 32680",1
S047,Desiree,Morrison,2002-11-25,female,fergusonshane@gmail.com,(895)101-3216,x!s562Pr^5,353-69-4373,2025-02-26,Vermont,"9030 Banks Track Apt. 095 Salazarshire, TX 71745",1
S048,Kelly,Hahn,2004-03-28,female,mooreashley@hotmail.com,338-352-5525,cKZvSt)K^4,390-63-6979,2025-03-25,North Carolina,"2523 Christopher Points Apt. 454 Baileymouth, KY 26583",1
S049,Zachary,Ortiz,2004-11-18,female,dean79@gmail.com,1827253319,*+Cme9BK$9,403-63-1024,2025-01-17,Mississippi,USNV Lewis FPO AA 21517,1
S050,Christopher,Vaughn,2004-01-22,female,morganbrenda@gmail.com,496-631-8856,G7WiprXc!!,309-55-2303,2025-02-26,Mississippi,USNV Shelton FPO AA 87195,1
S051,Julie,Jackson,2002-11-18,female,zwhite@patton.com,9057273911,5%8BuDk**q,135-29-8878,2025-01-26,Rhode Island,"2059 Jared Squares Janetport, HI 96627",1
S052,Jeremy,Turner,2002-07-13,male,jrice@brown.com,451.636.0019,z+pT71V^Rf,295-54-7704,2025-01-17,Colorado,"4924 Travis Ports Suite 886 Port Janice, SC 52506",1
S053,Kimberly,Jimenez,2006-11-16,female,icraig@gmail.com,(317)238-2528,rF5Io^od!z,506-91-4002,2025-01-10,New York,"255 Scott Trail Hernandezstad, NC 80260",1
S054,Charles,Williams,2004-04-18,male,gregoryhenderson@yahoo.com,(774)101-5936,O&5cbeEvLB,714-76-9200,2025-01-02,Illinois,"761 Robinson Hill Apt. 101 Claireshire, GA 20991",1
S055,Darin,Hodge,2005-02-12,male,dennismiller@hotmail.com,(057)685-9484,R)IP(6Lf1P,149-12-5809,2025-03-19,Mississippi,"215 Karen Port Suite 300 Donaldport, DE 24111",1
S056,Samantha,Pope,2006-03-26,female,kirk86@branch-medina.com,719-854-0749,&_+CNlzTX8,756-01-4818,2025-02-22,Idaho,"9014 Kimberly Highway Suite 058 Longview, NC 33163",1
S057,Seth,Bryant,2002-07-10,female,albertsmith@hotmail.com,591.094.6656,47UdOQG5@a,795-54-2730,2025-03-09,California,"815 Williams Crossing Bethanyberg, GA 30879",1
S058,Dana,Gibson,2006-02-18,male,mark20@yahoo.com,064-414-6538,N$Mmq3TxPW,190-04-5317,2025-01-31,Oregon,"420 Miller Villages Apt. 790 South Traceyport, TX 27322",1
S059,Brandon,Aguirre,2002-10-10,male,david75@carpenter.com,(849)203-2581,)4Vr4RRo2h,040-49-5343,2025-01-27,Washington,"183 Joshua Divide East Jamesville, FL 42805",1
S060,John,Matthews,2002-08-08,female,qmiller@johnson.com,(193)516-7400,@5oSELe3_r,342-69-9775,2025-02-15,West Virginia,"103 Ryan Pass Nicholasbury, NE 23932",1
S061,Donna,Hoffman,2004-12-29,male,lewisdana@hotmail.com,(150)053-9219,T6Ff6+3#)q,131-28-9581,2025-02-23,Maine,"6190 Hailey Bypass Apt. 038 Judyland, KS 80968",1
S062,Angela,Krueger,2005-04-02,male,phillipsjennifer@zamora.net,(054)822-8399,l1Ny_GWr_),485-41-7188,2025-03-29,Kentucky,"7001 Farmer Lights Suite 236 Cherylburgh, IL 90284",1
S063,Tyler,Gillespie,2006-07-27,male,williamsaaron@gmail.com,515.371.0265,f^bV8MUi$A,466-31-9155,2025-03-18,Louisiana,"4417 Kenneth Points East Brookeberg, IL 98742",1
S064,Michael,Frey,2006-08-16,male,floresjacqueline@sanchez.info,(498)719-8536,C_UN9A_&6s,290-39-8266,2025-01-31,California,"83249 Bennett Curve Apt. 584 Vanceshire, WA 71060",1
S065,Mark,Sanchez,2006-03-11,male,gaineswilliam@yahoo.com,9185893682,^rBMo6cY76,858-37-0240,2025-02-23,Missouri,"01799 Byrd Stravenue Kevinmouth, AZ 55666",1
S066,Matthew,Durham,2003-07-05,male,sanchezmonica@hotmail.com,390.172.5243,q^0#(91nSH,367-55-8140,2025-01-19,Hawaii,"43275 Ponce Rapid Kimberlymouth, OR 85389",1
S067,Tiffany,Ramirez,2004-11-06,male,kevinschmidt@hotmail.com,233.211.3637,H6Y2Ths&^#,251-98-8412,2025-01-15,Nevada,"52097 Christopher Brook Suite 857 North Brianside, SC 95088",1
S068,Kevin,Lopez,2007-02-02,female,vsullivan@hotmail.com,(900)605-7068,sNSCEx)B%6,847-89-1242,2025-03-12,Oregon,"53815 Patrick Valley Suite 864 Jenniferfurt, KY 57710",1
S069,Christina,Rogers,2003-09-16,female,stephanie63@gmail.com,9082701014,!zLz3MtDgS,776-20-9850,2025-03-06,Massachusetts,"PSC 5299, Box 8200 APO AP 92237",1
S070,Samantha,Watkins,2002-05-05,female,joanne04@gmail.com,(341)767-2322,0kOzLGAm(L,140-43-4877,2025-02-07,Rhode Island,"228 Rachel Ville Apt. 853 Leahmouth, TX 07975",1
S071,William,Brown,2004-02-23,male,audreygarner@williams-galvan.com,071-799-5890,#1Q@kXpDfe,845-61-6846,2025-01-28,Minnesota,"852 Garcia View East Charlesburgh, MS 05288",1
S072,Kathryn,Ryan,2003-03-22,female,anne89@hotmail.com,+1-180-328-5982,(tX#OR8wS7,271-91-1256,2025-02-12,Louisiana,"047 Tran Prairie Port Angelaton, OK 57354",1
S073,Johnathan,Decker,2005-08-14,female,brianmartin@williams.net,277-238-5897,oAqJO95sp_,425-22-7886,2025-03-06,Minnesota,"552 Sullivan Viaduct Suite 987 Juliaberg, CA 28780",1
S074,Thomas,Frey,2007-03-09,male,waltersrobert@wright-richards.info,077-597-6022,u+9fVGOpNF,351-62-8993,2025-01-12,South Dakota,"04275 Timothy Hollow Suite 950 Debbieport, ME 62994",1
S075,Peter,Garcia,2003-08-18,female,carterelizabeth@yahoo.com,946-552-9896,#VKLu2d+u2,698-69-1535,2025-02-11,New Jersey,"8889 Hodges Lock Suite 568 Grantstad, CA 63616",1
S076,Annette,Stevens,2004-08-06,female,dreyes@hotmail.com,(382)245-2828,ptTumlPh%5,214-09-5759,2025-01-14,Pennsylvania,"669 Harold Center Suite 780 Stevenmouth, NY 98085",1
S077,Elizabeth,Mann,2004-10-09,male,david33@reed-pittman.com,(591)944-2716,&5+FI4xi3u,269-40-9961,2025-02-18,North Dakota,"6840 Tracy Park West Herbert, WV 30061",1
S078,David,Wright,2004-11-19,male,jeffrey55@anderson-khan.net,111.291.6144,s+c)@1JrKA,079-07-7540,2025-02-26,Arkansas,"00458 Amber Prairie New Robin, GA 52189",1
S079,Ashlee,Reed,2003-01-06,female,anthonypayne@weaver.info,417-254-5796,S%Kc1Hf6Qo,022-26-1434,2025-02-20,West Virginia,"18820 Roberson Gateway Apt. 949 Patricialand, ID 45553",1
S080,Tina,Perry,2007-02-16,male,laurenquinn@hotmail.com,797-406-6220,(sQUtJDm2A,790-69-0186,2025-01-20,North Dakota,"001 Michelle Fork Suite 971 Lake Casey, NE 33099",1
S081,Philip,Roman,2005-07-15,female,ireyes@decker.org,472.154.5598,V!42QUke^k,471-40-6892,2025-01-09,New Mexico,"3106 Butler Row Suite 201 South Meghan, MS 79832",1
S082,Patricia,Walsh,2003-02-09,female,jose80@mendoza-stanley.net,+1-174-210-3441,8*x4I&Hu6_,063-57-7655,2025-01-23,Oregon,"4905 Jennifer Locks Suite 379 Sherrimouth, CA 01298",1
S083,April,Jenkins,2003-03-07,male,sergiorasmussen@hotmail.com,4425437950,116EzGDTK$,530-92-7265,2025-01-29,Montana,"35216 Wood Spurs Suite 847 Lake Donnamouth, MN 19318",1
S084,George,Cunningham,2006-01-19,male,cameronlopez@gonzalez.com,530-550-0044,^wDTY9kl6),505-31-9071,2025-01-08,Mississippi,"20985 Laura Mountains Lake Megan, OH 05807",1
S085,Patrick,Noble,2004-12-15,female,kimberly21@bauer.com,664.054.3449,^VieJsYab2,699-49-5585,2025-01-28,Wyoming,"31859 Goodwin Fork Camachoborough, CO 85948",1
S086,Christopher,Dyer,2003-11-30,female,rmartinez@brown-bautista.com,071.882.3797,556SYDajp^,439-97-6976,2025-03-22,Maryland,"874 Murphy Vista Bakertown, WI 77730",1
S087,Harry,Lee,2006-12-30,female,esparzakathleen@gmail.com,288.848.6478,jS5k6@jf^@,684-49-0143,2025-03-27,Idaho,"51995 Ronald Inlet Apt. 024 Michaeltown, AL 36907",1
S088,Autumn,Webb,2004-03-29,male,eric63@yahoo.com,888-912-7700,7v2IcXSj*5,152-29-9010,2025-03-18,Georgia,"3277 Morgan Springs South Benjamin, IA 11521",1
S089,Michelle,Bray,2005-04-03,male,cpotter@yahoo.com,+1-260-550-9525,@$5cB!rxrp,021-72-0289,2025-03-18,Florida,"5431 Erin Course Denisefort, AK 32448",1
S090,Ruben,Pierce,2002-10-02,female,boydalan@grant-jones.com,4675470845,!7M50V#yAv,801-55-3975,2025-03-11,Texas,Unit 8682 Box 3788 DPO AE 23699,1
S091,Mark,Cole,2007-01-17,male,pattonmelissa@yahoo.com,702-537-1855,k_Zw8uMf#Z,224-07-2920,2025-01-30,West Virginia,"70951 Farrell Coves Suite 520 South Sharonstad, ND 17792",1
S092,Kevin,Cruz,2006-07-08,female,xmiller@yahoo.com,503560198,BC32T(iI(Z,023-70-5119,2025-02-02,Washington,"962 Ruiz Unions Suite 070 Lake Jamieland, WV 44211",1
S093,Roy,Mccormick,2006-07-12,female,kathleen56@caldwell-may.com,(998)499-0316,%5Xyo_o@&4,319-20-4606,2025-02-23,Idaho,"56295 Walsh Loaf Suite 778 New Gail, VA 08073",1
S094,Anthony,Lawrence,2004-07-26,female,colemary@gmail.com,162.540.8856,x6eKyKLm(T,209-57-8544,2025-01-24,Nevada,"6582 Heather Parkway Lake Valerie, MS 42467",1
S095,Marissa,Ryan,2005-11-17,female,michaellarsen@yahoo.com,3637314697,f$82QgRVMf,849-19-0896,2025-01-24,Maryland,"443 Craig Viaduct New Joshua, UT 03352",1
S096,Elizabeth,Barnett,2003-05-06,male,martinwilson@yahoo.com,1394462214,g)4)SVRo3L,336-97-9173,2025-03-05,North Carolina,Unit 5422 Box 9085 DPO AP 97521,1
S097,Keith,Craig,2003-12-22,female,jamie58@johnson.com,361.139.3266,01W#qn1)!F,703-54-2755,2025-02-08,Louisiana,"451 Ryan Forges Port Jeremyville, NH 81644",1
S098,Natalie,Bennett,2006-06-29,male,ruben39@gmail.com,(315)323-0567,zb^I3X#v)F,090-92-0050,2025-01-15,South Dakota,Unit 7770 Box 4102 DPO AE 12053,1
S099,Jill,Thomas,2002-07-01,female,barnesdavid@yahoo.com,170-815-2829,Q*u6^Tn8X_,521-85-4947,2025-02-03,Idaho,"51111 Kimberly Ridges New Jacqueline, SD 20291",1
S100,Samantha,Turner,2006-07-27,male,morrisonstephanie@patel.org,783-738-8174,*(C2UjAi1Z,714-49-2594,2025-03-21,Arkansas,"32921 Boyer Route Guzmanburgh, KS 41769",1
S101,Jimmy,Phelps,2006-10-15,female,znorris@yahoo.com,045.423.5979,(6JbX3%u%r,053-50-3354,2025-02-13,Arizona,"6552 Austin Fall Stephanieton, ID 13028",1
S102,Stephen,Jackson,2006-04-10,female,garciamargaret@lynch-harvey.biz,+1-739-062-0674,!Y4dI&gbdP,338-49-0347,2025-03-29,Maryland,"92957 Spencer Court Apt. 896 Davidmouth, NY 19585",1
S103,Sandra,Harris,2005-06-10,male,robertcox@gmail.com,6615823067,*8rYNv&$kk,431-29-2248,2025-01-19,Montana,"08244 Amanda Parks Suite 624 Lake Stacy, MA 56057",1
S104,Mark,Nelson,2002-12-15,female,juliefloyd@price-sims.com,999.394.4156,arm7GD*x*6,182-06-8158,2025-02-26,Wisconsin,"755 Morales Trace East Shannonton, WA 47132",1
S105,Derek,Cook,2004-04-25,female,johnnyross@gmail.com,596.376.3380,$@NXuzIyN2,770-57-3346,2025-01-16,Arizona,"65063 Santos Cove New Anthonybury, MN 78673",1
S106,Jennifer,Mcdonald,2004-03-22,male,frederickmorgan@hall.com,3412316602,jF$1Bsxn+g,496-11-1147,2025-03-07,Louisiana,"91438 Figueroa Ranch Apt. 467 Carlberg, RI 16033",1
S107,Jessica,Valenzuela,2006-01-09,female,tapiabryan@yahoo.com,155-696-0598,+0B@mmc$IL,730-20-5632,2025-02-12,Oregon,"349 Barnes Vista Castroton, NV 62233",1
S108,Devin,Powell,2004-10-26,male,jacobsjohn@bailey.net,838-144-8267,EA)*8IyUzH,621-14-3206,2025-03-06,Tennessee,"7202 Nathan Street New Eric, WI 40966",1
S109,Kristin,Lopez,2006-01-14,male,ralph73@hotmail.com,+1-228-528-7162,711!K5Sr$%,190-76-2016,2025-03-20,Montana,"987 Schmitt Inlet Apt. 288 Johnstad, NM 09555",1
S110,Charles,Holloway,2003-12-23,male,wbryant@mathews-morales.com,(369)311-1486,_7mKbuLMn0,670-52-3568,2025-03-28,Hawaii,"PSC 4625, Box 1385 APO AE 22242",1
S111,Lisa,Ferguson,2005-09-28,female,lynnmcdonald@hotmail.com,198.996.3018,3$m769XuXb,380-33-9984,2025-01-29,New Mexico,"38635 Roger View Abigailmouth, HI 93617",1
S112,Donald,Clark,2006-10-30,female,gregorygoodwin@gmail.com,585-763-7124,!99Gv+s3I@,073-96-9879,2025-01-15,Michigan,"22410 Nicholas Inlet West Codyland, IN 64929",1
S113,David,Patel,2005-05-07,female,robertwilkinson@gmail.com,+1-562-924-4336,bC0KFQaq(3,040-61-1281,2025-03-22,Texas,"37756 Hansen Cliffs Apt. 672 West Sonyashire, NE 08666",1
S114,Caitlin,Franklin,2002-05-14,female,brandonhernandez@stone.com,(236)508-7148,5^4dWPic(c,449-68-8377,2025-01-31,New Mexico,"7538 Jordan Branch Suite 494 North Melvinmouth, WY 65775",1
S115,Wanda,Cherry,2003-08-07,male,sandramcdowell@yahoo.com,+1-533-494-9441,4%v3QCYl$3,864-91-8442,2025-03-02,South Carolina,"58784 Christensen Inlet Apt. 937 Bowmanmouth, NM 41972",1
S116,Alyssa,Morales,2003-04-01,female,zachary01@gmail.com,(128)650-0675,rTI8GGBs1_,735-98-9123,2025-03-24,Alabama,"042 Vargas Radial Port Sabrina, OH 90165",1
S117,Kathleen,Miller,2004-01-01,female,dgrant@williamson.info,043.088.0466,r9eyWAV!%2,414-19-8776,2025-03-05,Pennsylvania,"469 Andrews Vista Petersonshire, IN 59659",1
S118,Jennifer,Harper,2003-03-07,female,chavezjohn@hotmail.com,1043086069,*Kt3Rayq_g,843-52-8205,2025-01-25,Wisconsin,"29281 Monica Creek Lake Renee, RI 72523",1
S119,Joseph,Adams,2006-07-28,female,kramerwilliam@yahoo.com,+1-422-783-5611,#i2tJIbnD6,737-20-7314,2025-03-08,West Virginia,"045 Jonathan Cliff Apt. 037 West Christopherstad, KY 77399",1
S120,Alyssa,Willis,2007-01-14,female,tnorris@yahoo.com,+1-518-074-6030,H5YDg0_(_k,122-57-3545,2025-01-01,West Virginia,"4660 Johnson Radial Suite 598 Beltranport, AR 80071",1
S121,Eric,Smith,2004-03-11,male,wcooper@summers.com,(014)668-2471,%7heJV@ih&,738-99-6869,2025-01-14,Wyoming,"765 Matthew Crest Lake Christopher, WY 98730",1
S122,Veronica,Ellis,2003-09-16,male,rpeterson@hoffman-jackson.com,+1-084-296-8575,#13pDdH9w*,209-20-7576,2025-03-11,Missouri,"21590 Elizabeth Manor Suite 663 Lake Mikeland, ND 75036",1
S123,Carrie,Bartlett,2006-10-30,female,jocelyn02@hotmail.com,+1-306-533-5992,**I(Jh%gv0,424-14-3662,2025-02-18,West Virginia,"824 Casey Heights Suite 289 East Michaelport, OR 92026",1
S124,Robert,Stuart,2006-01-09,male,amandabean@yahoo.com,473-171-3766,!4((v#acQX,030-68-9025,2025-02-27,Iowa,"188 Michelle Point New Karenport, OH 06776",1
S125,Arthur,Walls,2002-06-30,female,gcooper@gmail.com,959.877.3427,5J4YyXHK%+,315-53-4559,2025-01-09,Kentucky,"9129 Daniels Dale Hartburgh, CT 47360",1
S126,Lynn,Good,2002-05-01,female,tiffanymiller@dominguez-harris.biz,3686185488,n0LJiLiE$u,751-72-8182,2025-01-26,California,"7538 Cruz Villages Suite 786 East Ernest, CA 13765",1
S127,Jason,Moreno,2005-10-09,male,adamwagner@yahoo.com,384.351.7784,CWT)f*u(%2,718-30-5809,2025-02-11,Nebraska,"89727 Todd Burg Apt. 553 Ericborough, MA 74390",1
S128,David,Bailey,2002-09-09,male,paula75@gmail.com,1260418245,8NuUa6kv!T,308-18-5300,2025-01-02,Wyoming,"480 Ortiz Camp Suite 208 Jensenville, FL 23712",1
S129,Ronald,Frank,2002-08-18,male,chavezdavid@hotmail.com,691-630-0993,*1TQA@uuk4,539-06-8932,2025-01-07,Florida,"899 Stewart Spring Suite 013 East William, WY 38809",1
S130,Travis,Ramsey,2006-04-26,male,whitekeith@adams.net,6502393544,#rYJC!szb3,805-43-0270,2025-01-19,Nebraska,"74996 Emily Ridges Lake Aprilport, NM 60723",1
S131,Tyler,Lopez,2004-08-09,male,sanchezkaren@yahoo.com,(712)640-1394,*O_zpOot7Y,416-72-2391,2025-01-13,New Jersey,"3574 Joel Falls Port Thomasmouth, MD 70875",1
S132,Michael,Kelly,2005-02-23,male,jonathan59@morales.net,6653534421,kzfVMbn4(7,637-25-8316,2025-03-11,New York,"45287 Johnson Rapid Apt. 959 Jarvisberg, DE 23082",1
S133,Johnny,Johnson,2004-04-08,female,wlopez@hotmail.com,164687701,QpR_4QEc&6,122-97-3378,2025-01-18,California,"9557 Vargas Valleys Apt. 210 Lake Kathryn, UT 25047",1
S134,Kathryn,Barnes,2006-04-15,female,romerolori@thompson.net,860.979.3982,VDo5VmyZ^M,682-32-8612,2025-03-05,California,USNS Mendez FPO AE 83402,1
S135,Angela,Jimenez,2006-02-26,female,anthony93@robinson-juarez.com,642181425,mn0p^gWnn@,584-31-7328,2025-03-25,Louisiana,"303 Jones Freeway Suite 395 West Barryville, OR 48197",1
S136,Adrian,Mccann,2005-01-09,female,campbellvirginia@adams.com,213.312.0943,sr8bWZD3g#,433-26-7061,2025-01-26,Arizona,"3098 Reed Junction Suite 113 New Susan, MT 27911",1
S137,Susan,Parrish,2007-01-18,female,nicholascole@hudson-ross.org,1863552332,Wkaay5Tm!Z,041-93-8366,2025-02-13,Wyoming,USS Cox FPO AP 72051,1
S138,Anne,Reed,2005-07-14,female,katherine64@hotmail.com,3039964058,)deHr*qGv7,375-26-5168,2025-03-02,Mississippi,"31370 Ashley Plains Apt. 889 Leeport, ND 48254",1
S139,Luke,Arnold,2004-06-23,female,vdelgado@clark-medina.org,854.332.1170,W6h58&s2+X,601-27-5308,2025-02-28,Washington,"412 Jessica Court Martinezton, KY 20646",1
S140,Anna,Beck,2006-10-17,male,sloanchristopher@parker.com,+1-224-489-7300,$xlJQrBx@0,019-07-4275,2025-03-24,Hawaii,Unit 2196 Box 8742 DPO AA 48509,1
S141,Natasha,Alvarez,2002-08-27,male,mark45@hotmail.com,8615811545,&q1AcvkV@y,040-87-9198,2025-03-18,Georgia,USCGC Blair FPO AA 02571,1
S142,Dennis,Davis,2003-08-29,female,mccoymark@foster.com,245-695-8309,Mq2TEx(#_(,645-14-6562,2025-03-21,Nebraska,"57558 Samuel Cliffs Suite 969 Evansland, NM 92538",1
S143,Keith,Wilkins,2005-01-13,male,alexanderterry@hotmail.com,654-757-8794,N(W0f1RmxF,658-53-1035,2025-01-06,Vermont,"176 Matthew Junctions Tiffanyton, NC 69362",1
S144,Valerie,Walsh,2004-01-20,male,saragraham@collier.org,(512)444-3876,PS^v1i8m*!,430-19-7725,2025-02-18,New Jersey,"3029 Alicia Course East Annestad, MO 72562",1
S145,Anna,Martin,2006-08-15,male,paulnguyen@hotmail.com,+1-983-341-1154,m%8Lp3MmXV,531-77-1533,2025-03-07,Nevada,"87701 Fox Mission Apt. 983 South Kathleenfurt, ID 42120",1
S146,Joshua,Ayala,2003-10-20,male,robinsonchristopher@yahoo.com,(619)068-0332,4jP^ubMl$N,482-49-4545,2025-01-08,New Mexico,Unit 7437 Box 4971 DPO AP 57025,1
S147,Matthew,Jones,2002-10-26,female,rfletcher@perez-baker.com,310.392.0393,(ZXzbmj*00,588-62-3246,2025-03-05,Idaho,"578 Weber Port Stacytown, MI 74464",1
S148,Michael,Herrera,2002-12-25,male,brookstracey@yahoo.com,(048)792-8605,139bCrhL!7,208-74-4593,2025-03-08,Wisconsin,"48512 Floyd Point Suite 415 North Jordanport, VT 21556",1
S149,Robert,Thompson,2003-07-17,female,oarnold@anderson.com,(278)938-3682,%L17TWWf_),175-80-5313,2025-03-27,New Mexico,"32280 Walker Branch Joseville, NH 88933",1
S150,Lisa,Davidson,2005-08-05,female,gonzalesdavid@nguyen.info,(024)823-6766,hEbK4kWzw_,353-39-1666,2025-02-06,New Jersey,"83970 Cunningham Forks South David, NM 32707",1
S151,Jesse,Jefferson,2004-08-30,male,ogregory@heath.info,(715)960-5528,(RJ@5Png+&,492-16-6871,2025-02-11,South Carolina,"479 Johnson Club Richardberg, ND 49756",1
S152,Christine,Sullivan,2003-07-24,female,omorales@hotmail.com,(478)873-9822,_5)w*JrJ@h,515-35-1070,2025-01-09,Illinois,"411 Alexandra Underpass Suite 472 Brentville, NE 05217",1
S153,Melissa,Atkins,2006-04-19,female,ellisontroy@gmail.com,462-838-7636,#C0GEdCi5s,670-19-6923,2025-03-22,California,"33286 Schmidt Hill Annabury, NC 22799",1
S154,Karen,Harper,2002-12-15,female,danielbaxter@ramirez.com,1552069789,uOd_3QYqO#,396-54-6064,2025-03-12,New Hampshire,"714 Matthew Center Apt. 241 West Lisa, SD 12726",1
S155,Charles,Miller,2006-06-08,male,jerry36@hotmail.com,110.291.3459,Pg@63Mgd@_,317-59-6480,2025-03-17,Tennessee,"57045 Coleman Plain Baileyland, ID 46108",1
S156,Samantha,Sanders,2005-06-21,male,melinda04@gmail.com,721.151.0832,1kf0CSCh2%,860-92-3366,2025-03-29,Alaska,"9148 Fernandez Forge Port Lisaview, OH 96586",1
S157,Lori,Reilly,2006-02-24,female,mackjacob@hotmail.com,292.005.6205,1(Yi1B_j@!,881-70-5745,2025-03-24,Indiana,"19045 Michele Extensions Samanthamouth, WI 57385",1
S158,Lori,Lee,2005-12-17,female,zachary68@hotmail.com,(308)366-1498,r72CSmi*+Y,163-48-3914,2025-01-06,Maine,"68042 Rhodes Vista Apt. 013 Tonyachester, VT 13395",1
S159,Robert,Waters,2005-01-16,female,cjohnson@gmail.com,(194)505-2046,9bTX0bds^e,130-75-6551,2025-03-16,South Dakota,"72329 Adam Street Apt. 710 Lauramouth, OR 83583",1
S160,Elizabeth,Perez,2003-08-08,male,cunninghammichael@parker.net,493.878.5684,h$Q2EWACUz,112-07-3833,2025-03-24,Indiana,"9450 Whitney Corner Ramosfort, VT 93618",1
S161,Chris,Foster,2005-06-26,female,barbaraarmstrong@yahoo.com,5520481361,M#^2L&eeKq,800-53-8494,2025-01-01,Wisconsin,"06925 Henderson Forge Suite 646 Evansland, OH 51242",1
S162,Bradley,Summers,2002-09-13,female,vwade@jones.com,828580753,%9Nhkml$)p,412-99-8910,2025-02-21,South Carolina,"8305 Kristin Ranch Proctorbury, CA 14496",1
S163,Dylan,Rice,2005-11-02,female,swilson@mora-fox.com,160.006.3560,nwN_3Hk92w,300-05-4912,2025-02-06,Oregon,"585 Smith Road Port Mirandamouth, MT 99255",1
S164,Joseph,Harper,2005-11-30,male,joshuacollins@yahoo.com,4127209177,9s7sGaj1(5,664-60-7070,2025-01-30,Mississippi,"2201 David Points Suite 328 Port David, AK 62158",1
S165,William,Parsons,2004-12-15,male,sheila16@yahoo.com,2095126568,i0FiZck2%T,368-02-5197,2025-02-22,Montana,"7102 Anthony Green Apt. 521 South Sydney, GA 82877",1
S166,Danielle,Duncan,2006-04-14,female,bridgeslaura@gmail.com,(582)780-0556,!mgRdj8091,614-40-0057,2025-01-22,Illinois,"0261 White Points South Teresa, OK 89964",1
S167,Evan,Martin,2004-04-29,male,debrareed@evans.com,643-064-9705,B5iJh%0O^_,106-87-9247,2025-02-25,New Hampshire,"8328 Amanda Ramp West Krystal, CT 29829",1
S168,Kimberly,Fleming,2005-01-28,female,amandajohnson@hotmail.com,5923732844,z)j%H5Jvr(,064-15-9551,2025-02-01,Louisiana,"460 Samantha Centers Apt. 940 Jasonmouth, WA 28006",1
S169,Kiara,Roberts,2006-02-26,male,bradleythomas@brewer.com,640.091.3463,!kU6AFbC+0,473-21-0917,2025-03-27,West Virginia,"8290 Henry Glens Apt. 947 Millermouth, NE 97794",1
S170,Ann,Jensen,2002-12-14,female,carla26@rodgers-carpenter.net,591.962.4289,FT+w2NMxl6,506-87-5772,2025-02-23,Kansas,"731 Tammy Turnpike South Dakotaville, NM 02719",1
S171,Crystal,Bond,2006-09-24,female,hernandezdebbie@perez.com,627.023.8802,)D7N8&XuL9,127-16-8057,2025-02-03,Georgia,"9612 Ortiz Villages West Karenside, HI 06454",1
S172,Sarah,Scott,2003-04-20,male,lbuchanan@gmail.com,487.489.7885,%gPLS4!bk7,412-25-1339,2025-03-21,Arizona,"8386 White Skyway Apt. 192 Justinton, TN 80173",1
S173,Sandra,Hughes,2006-08-25,male,ysmith@gmail.com,(223)142-0143,xtKR$X8V^3,493-50-4706,2025-01-23,Indiana,"18099 Walls Shoal East Ashley, SC 50040",1
S174,Eric,Smith,2002-04-30,male,ashley87@lopez.biz,1161110534,)qS(Aht27c,663-66-3733,2025-02-25,South Dakota,"PSC 8327, Box 8505 APO AA 64679",1
S175,John,Welch,2005-12-08,male,tammy94@gmail.com,+1-238-746-0978,(7&Chke81W,559-91-9322,2025-01-05,Washington,"591 Susan Walks Suite 558 East Angelaburgh, NH 81993",1
S176,Lauren,Jones,2006-05-06,female,hobrandi@todd.org,(707)382-9996,P2#69EfrtF,611-78-3595,2025-03-01,Arizona,"0704 Jennifer Hollow West Juanport, OH 50468",1
S177,Johnny,Murphy,2002-05-17,female,meganjones@cohen-perez.biz,421.414.5598,O2nIuvDf%V,474-46-9353,2025-03-29,Hawaii,"6634 Courtney Ford Youngberg, OR 89172",1
S178,Jennifer,Rodriguez,2004-10-23,male,tracy61@hobbs.com,(035)827-6703,Z*Tr5YagRJ,892-65-0301,2025-01-02,Virginia,"782 Alan Glen Suite 102 Mckinneyport, ND 89927",1
S179,Benjamin,Moore,2007-01-20,male,melanie20@torres-garrett.com,5632768979,*3)G&iOke+,586-52-2514,2025-01-18,Florida,"9724 Bryan Inlet Apt. 174 Reevesfurt, SC 77749",1
S180,Megan,Kent,2004-07-27,female,handerson@hotmail.com,4701302697,NG4zDWlIy_,122-56-9432,2025-01-04,Vermont,"391 Madeline Turnpike Apt. 194 Valdezburgh, TN 24236",1
S181,Kelsey,George,2006-12-09,male,colleencummings@gmail.com,(267)172-5205,PKa0MPTw5^,407-29-1108,2025-02-06,Kansas,"27976 Lisa Circles Suite 560 West Jack, OR 80769",1
S182,Andrew,Turner,2002-06-18,female,victoria39@gmail.com,275.818.0847,_Nr#ljBjP4,108-68-5203,2025-03-14,Arkansas,"241 Christine Light Suite 591 Lake Nicolebury, CA 26791",1
S183,Ronald,Martinez,2002-08-26,female,nwalker@rodriguez.com,4619107851,z6Ogzl4i)^,797-53-7096,2025-01-12,Kentucky,Unit 2105 Box 3832 DPO AE 38807,1
S184,Laura,Reed,2003-03-20,female,tmcguire@wyatt-melton.com,(133)189-0865,*@n6o0O6aj,143-04-4694,2025-01-08,Kentucky,"0401 Brown Circle Suite 013 Richardbury, IA 89959",1
S185,Mark,Thomas,2004-01-26,female,reynoldsamanda@calderon-adams.com,387725437,F2PaEq$t+*,059-03-9729,2025-03-29,Connecticut,"546 Wilcox Rapid Suite 800 Christopherland, NV 83591",1
S186,Chad,Clark,2002-07-13,male,paula41@gmail.com,559.523.4287,gG6YH8gzI!,113-81-5967,2025-01-25,Nebraska,"450 Isabel Motorway Apt. 311 Tracyville, ND 14035",1
S187,Kevin,Doyle,2006-05-28,male,ortizpaul@hotmail.com,(044)841-7281,F+g56_SXYu,159-18-3563,2025-02-25,Kentucky,"5576 Baker Mission Suite 258 New Lisa, HI 85080",1
S188,Thomas,Lopez,2003-05-13,male,uwilliams@miller-lee.com,001.725.8497,#n$QxGlHM9,430-81-4521,2025-02-27,Tennessee,"29280 Richard Pike Debraborough, SC 61147",1
S189,Stanley,Solis,2005-04-12,male,gregory12@yahoo.com,019-263-2385,Kqt99Rri^4,484-41-6080,2025-02-16,Arizona,"7991 Bonnie Cove Apt. 311 Connorfort, CO 15492",1
S190,Anthony,Walsh,2004-11-14,female,jonesdevin@gregory-jensen.org,832.762.7114,fP43In(+@s,098-14-8642,2025-03-12,Delaware,"16645 Watson Crossing North Daniel, FL 28812",1
S191,Leah,Hayden,2002-04-30,male,jorgemckinney@gmail.com,710.709.8088,%UI3H6z!Rq,865-58-5738,2025-03-04,Louisiana,USS Hurley FPO AE 40759,1
S192,Belinda,Ingram,2002-05-26,female,thomasclements@rose.com,+1-274-256-2906,yc5u%DdiN%,443-19-3011,2025-01-21,Washington,"46981 Reid Drive Apt. 858 Coopershire, WI 04641",1
S193,James,Hernandez,2002-07-05,female,kellytran@carlson-joseph.com,666.701.1882,I13+^6Ou&Z,816-58-0376,2025-01-04,Georgia,"7059 Clayton Creek Suite 483 North Kevin, OK 69681",1
S194,Michele,Marshall,2004-07-26,female,qbrown@garza.com,(671)447-5156,@67KE)z0xZ,687-67-7734,2025-03-13,Hawaii,"2963 Tucker Overpass Paulhaven, PA 12131",1
S195,Christina,Oliver,2004-11-18,female,ojohnson@yahoo.com,(482)437-8360,23t0KfHA#o,532-18-6417,2025-01-08,Louisiana,"3804 Jacobson Dam Suite 270 Whitefurt, MI 43338",1
S196,Sara,Ramos,2006-04-07,female,fthompson@gmail.com,1674843183,@k6oKnZl9H,839-46-2735,2025-03-24,New York,"2573 Vaughn Centers Staceyhaven, FL 26577",1
S197,Amanda,Hester,2003-09-04,female,duffylinda@hotmail.com,583-593-5138,_t9jb*Fh2C,167-64-0485,2025-02-01,Vermont,"PSC 7733, Box 8898 APO AP 21997",1
S198,Julie,Bowen,2004-11-13,female,raythomas@hayes.biz,672-302-6868,00szVCJuC&,414-57-8939,2025-01-09,Wisconsin,USCGC Sanchez FPO AA 28629,1
S199,Michelle,Green,2005-05-12,female,jacob14@yahoo.com,865.758.2645,&BpLQza5#1,724-24-4008,2025-03-01,South Carolina,"36912 Sarah Pine New Johnville, MI 73247",1
S200,Lisa,Pearson,2004-05-06,male,imoore@wilson.com,645-513-7534,#(@K#alA8a,055-63-7670,2025-03-01,Pennsylvania,"551 Jamie Port Apt. 805 Cunninghamborough, ME 73473",1
S201,Andrea,Scott,2004-11-12,male,andrewsjeffrey@kline.com,113.866.5687,+7nZenbACg,648-17-2429,2025-02-23,Washington,"43813 Benjamin Mill Suite 322 West Jessica, DC 40276",1
S202,Emily,Smith,2003-11-17,female,jonescheryl@yahoo.com,(620)933-7648,+2(XB1^a9O,136-21-5784,2025-02-08,Arizona,"79614 Newman Hills Apt. 640 Lake Dennisview, WI 42302",1
S203,Bradley,Fowler,2003-01-28,female,leslie68@gmail.com,(706)319-8010,)J4^L2gSm!,253-70-0032,2025-01-27,Kansas,"698 Jamie Freeway Whitetown, NC 26424",1
S204,Alejandro,Hall,2002-08-11,male,yjacobs@hotmail.com,+1-323-770-2379,I0EV5_6f#@,605-77-5992,2025-03-04,Maryland,"56378 Katelyn Port Codyhaven, HI 90691",1
S205,Anthony,Hodges,2005-04-01,female,omartin@coleman.com,316.299.1718,9RuPeL&Y$m,131-99-8497,2025-02-12,Vermont,"55121 Christy Falls Elizabethville, PA 25021",1
S206,Deborah,Brown,2007-03-11,male,dhughes@ayala-reed.net,302-591-5008,t^8AROnD$E,389-78-2526,2025-01-29,Wyoming,"285 Jonathan Harbors East Williambury, RI 87931",1
S207,Latasha,Brown,2006-07-27,male,katherineelliott@rivera-brown.com,196.400.4659,Xs^)2Lyzl@,591-40-3184,2025-01-17,Rhode Island,"41548 Jeffrey Junction Suite 239 Chavezchester, AK 50589",1
S208,Morgan,Martin,2007-01-22,male,piercemaureen@yahoo.com,4242926814,Ki7G9ESx&I,802-51-0933,2025-01-04,Ohio,"6991 Adam Parkways Apt. 862 Ryanfurt, AZ 53519",1
S209,Barry,Andrews,2002-08-27,female,tammy67@gmail.com,(090)833-2116,%+6KLV7s&^,542-92-1778,2025-02-04,Colorado,"15534 Smith Green Apt. 834 Port Jacobton, WA 57902",1
S210,James,Moses,2004-10-03,female,gwest@noble-patel.biz,489.228.1751,qzW89BYoO^,222-06-7187,2025-02-16,North Carolina,"539 Herrera Mountains East Michael, WI 49220",1
S211,George,Daniels,2005-02-27,male,rosscarl@yahoo.com,(197)242-8258,JI&9I&plfm,877-46-0168,2025-01-24,New Jersey,"17249 Kaiser Common Alexandraburgh, DE 48524",1
S212,Anthony,Parsons,2002-09-15,male,katherine40@nunez-hudson.net,233-960-1259,)j0SFmEv6b,552-98-0688,2025-01-14,Wisconsin,"PSC 2850, Box 8921 APO AP 98076",1
S213,Caleb,Johnson,2002-04-11,male,cooperdeborah@gmail.com,(180)853-0934,#0GO1goKzk,097-35-5713,2025-01-30,Montana,"17537 Duke Drive Apt. 165 Kimmouth, MA 11307",1
S214,Eric,Garcia,2003-03-22,female,wcook@hotmail.com,518.759.8665,&48jYN2y62,029-69-7086,2025-01-20,Mississippi,"5841 Rodriguez Islands Vasquezshire, CT 91734",1
S215,Melissa,Jacobs,2007-02-25,female,whitneydonald@glenn.com,(951)448-9528,V^g0aGbgYM,014-71-7017,2025-02-25,Tennessee,"448 Campbell Parkway Johnsonberg, PA 70149",1
S216,Thomas,Hill,2004-11-01,female,amanda31@hansen-hughes.com,(564)927-5237,#69$zuEv!h,122-45-8806,2025-03-13,Wyoming,"54592 Jenkins Port Suite 364 New Virginia, OR 06142",1
S217,Alexander,Rollins,2004-03-17,female,edwardlopez@hotmail.com,+1-424-885-6053,F4Yxd^Q5!i,649-71-8811,2025-02-19,Kansas,"4305 Brittany Track Suite 730 North Anne, PA 80789",1
S218,Christopher,Grant,2002-04-29,male,duartemichelle@yahoo.com,775.582.4651,1lx@L2Rqok,812-18-8973,2025-03-07,Maryland,"50262 Flores Cape Apt. 007 Diazbury, OH 57025",1
S219,Angie,Powell,2005-04-20,male,williamswhitney@benitez-pope.org,+1-759-823-8617,W1AKvefk^u,884-09-5682,2025-01-02,Iowa,"4470 Christopher Light Apt. 048 South Nancy, LA 45327",1
S220,Amber,Cabrera,2005-04-14,male,sandrabrown@gmail.com,666.614.1141,!NO4Gyf^+^,863-88-1398,2025-03-20,Georgia,"234 Moreno Lane Suite 767 North Christinashire, CO 68841",1
S221,Todd,Rollins,2002-05-04,female,charleseaton@collins-clark.com,417.786.7397,pQCdOtba_4,069-14-2517,2025-01-02,Rhode Island,"79416 Arthur Harbors Suite 669 Glennmouth, IA 43592",1
S222,Jane,Hayes,2003-09-20,male,amedina@gmail.com,(350)230-7254,%*w)F_cVm5,213-87-9629,2025-02-02,New Hampshire,"1870 Sharp Hill East Matthew, MT 38709",1
S223,Paul,King,2004-03-17,female,christopherstewart@rojas.com,764.911.1022,0xNDD6Yo_!,636-90-6067,2025-01-08,North Carolina,"76990 Thompson Creek Suite 092 Allenmouth, ME 96551",1
S224,Ashley,Blake,2004-10-30,male,melanie80@jones.com,759-447-7075,mF(8LOroI^,277-68-9167,2025-01-18,Wisconsin,"9145 Kent Islands North Mariah, RI 82799",1
S225,Austin,Navarro,2002-09-30,female,cgreen@fuller-perez.com,3543457586,Yq4RxrhKk),721-57-2337,2025-03-12,Missouri,"71575 Andrew Islands Lake Prestonberg, NV 87130",1
S226,Charles,Martinez,2003-11-04,female,fpatel@hernandez.com,943-762-3815,LR2_A4Spl@,499-70-6816,2025-03-20,Vermont,"41571 James Vista Williamsbury, OR 33339",1
S227,Jesus,Leon,2003-03-04,male,imorrison@villa-carrillo.info,283.422.1080,&@DKQv@t50,240-12-0423,2025-01-15,Montana,"60740 Johnston Field Paulside, VT 12725",1
S228,Donald,Mcclain,2002-05-06,female,lovethomas@pineda-schultz.biz,9024097193,g4)a3FyR+R,890-45-0258,2025-02-09,Mississippi,USNV Obrien FPO AE 38687,1
S229,Hunter,White,2005-07-17,female,dmarsh@gmail.com,(675)953-8292,)Yqm$VGl!0,783-07-0774,2025-01-04,West Virginia,"8054 Toni Lodge West Zachary, KS 82990",1
S230,Rebecca,Sanchez,2004-01-01,male,heathercantu@gutierrez-baker.com,324-011-6663,WA0U0$&a#5,113-07-1706,2025-03-08,Georgia,"239 Acevedo Fields Stephanieburgh, MD 59881",1
S231,Michael,Arnold,2005-10-18,female,thomas26@harvey.net,553.534.4831,g1$jeA4P%X,160-76-3372,2025-02-24,Iowa,"02421 Tracy Wall Silvastad, CO 30075",1
S232,Albert,Powell,2002-08-25,male,williamnguyen@stevenson.com,7738550661,u7_fZyn+^w,610-57-2798,2025-02-26,Colorado,"68735 Samantha Point Trujilloton, NC 44670",1
S233,Keith,Phillips,2002-08-30,female,danielleflores@hotmail.com,710.218.6196,)@t5Ayp)2X,886-49-3625,2025-03-01,Maine,Unit 2099 Box 4759 DPO AP 99666,1
S234,Stacey,Duncan,2004-10-23,male,peter19@vance.info,7341240680,##9GUhUnv@,706-60-8405,2025-01-05,Alaska,"2679 Hodges Bypass Hunterport, HI 62219",1
S235,Brenda,Williamson,2005-08-16,male,hdavidson@hotmail.com,031.772.1128,*k@Y(4Tu(q,361-20-7452,2025-02-15,Vermont,"4263 Estrada Islands New Jason, NH 86282",1
S236,Blake,Bryant,2006-07-19,male,randall39@preston-cruz.com,881-584-2924,x@l34LpSyZ,760-43-3598,2025-01-30,Iowa,"76424 Nicole Rapids Apt. 278 Gregoryburgh, RI 92608",1
S237,Jeffrey,Green,2006-07-20,male,robertmason@gmail.com,(842)873-7567,C_^$03ZhNW,761-97-6304,2025-03-04,Connecticut,"26601 James Road Gallegoston, RI 55421",1
S238,Tina,Lewis,2002-10-19,male,swansongabriel@gmail.com,(979)370-9971,7c%WIu$n)6,402-43-4465,2025-02-11,Louisiana,"39525 Barbara Street Pamelatown, IN 13586",1
S239,Paul,Wolfe,2007-01-02,male,alexander20@yahoo.com,979-952-4788,)8RXk+NC&z,306-77-7313,2025-01-23,Ohio,"613 Arnold Stravenue Suite 989 Aprilfurt, ID 18737",1
S240,Jonathan,Phillips,2006-11-07,female,morgan23@davenport.net,(619)536-3717,+D4Y&ugTF0,873-63-8352,2025-02-19,Maine,"3569 Carolyn Courts Taylorshire, MT 21107",1
S241,Clifford,Dunn,2007-03-26,male,hubbardjackson@yahoo.com,530.810.5654,z1^#$XNz)8,781-16-6647,2025-03-28,Virginia,"512 Adams Circles Apt. 018 Ballchester, AL 79373",1
S242,Stephanie,Hunter,2004-01-31,female,thomaswiley@west-walker.com,990.129.5925,2mAf9DDJD&,661-57-7740,2025-02-07,California,"8450 Roy Court Wadeshire, ID 80135",1
S243,Christina,Lee,2004-01-25,female,andrew23@yahoo.com,986-323-9278,gX3Wn9Uub*,154-90-0055,2025-01-29,Indiana,"338 Dawn Neck Lake Herbertborough, WV 95234",1
S244,Andrea,Howard,2006-07-22,male,dixonthomas@henderson.com,329-250-5698,Fi6De5N9#2,548-53-0723,2025-03-28,Idaho,"0254 Melton Bypass Erikport, HI 48792",1
S245,Sandra,Smith,2007-01-10,male,elizabethcarter@bailey-edwards.com,6939506959,Iv3uKmOPv%,116-89-6017,2025-01-08,Tennessee,"8339 Jarvis Point South Jessica, NH 27186",1
S246,Holly,Gilbert,2005-07-16,female,qmiller@hotmail.com,+1-407-874-8049,%W6uRNfzK1,748-49-9409,2025-02-24,New Jersey,"4657 Fuller Ramp Thompsonmouth, ID 70901",1
S247,Jason,Smith,2002-04-27,female,angelacampbell@brown-herrera.biz,417.357.2205,g!51WDUo!U,250-12-7944,2025-03-28,Illinois,"3794 Shah Highway Irwinmouth, SD 50747",1
S248,Andrew,Finley,2002-10-19,male,geralddonovan@gmail.com,+1-269-301-3674,0XBLlZKZ%@,156-50-2903,2025-03-12,New Mexico,"799 Branch Highway Apt. 714 Hollytown, TX 58989",1
S249,Debra,Chandler,2005-03-12,female,huertajohn@yahoo.com,(781)089-8281,_w+k^VyD+4,011-92-2524,2025-02-09,North Dakota,"43424 Melissa Court Barbarabury, ND 29136",1
S250,James,Vasquez,2002-05-31,male,hesterjose@armstrong.com,(738)060-0114,)X7*Jyei7i,201-24-6572,2025-02-03,New York,"148 Wilcox Forest Suite 528 Lake Kristinville, MS 05344",1
S251,Gloria,Hines,2005-09-11,female,jenningsroy@brooks.com,556.462.2224,1#92E9Un!d,657-96-0872,2025-01-05,Oregon,"0169 Wagner Inlet Port Brenda, TX 91573",1
S252,Mark,Hicks,2003-06-14,male,figueroacharles@gmail.com,361.393.9433,DE@3S@Auuv,319-70-6183,2025-03-15,Vermont,"712 Matthew View Suite 581 North Christine, FL 23793",1
S253,Matthew,Vazquez,2004-12-06,female,bennettfrances@yahoo.com,852.111.6821,+uI3Rcp5yJ,408-19-7652,2025-01-20,North Carolina,"44876 Crystal Harbors Suite 069 East Jessica, KY 42720",1
S254,Tyler,Henderson,2004-11-19,male,hawkinsjenny@hotmail.com,(321)494-3015,8J*ovzab&7,118-19-7652,2025-03-11,California,"PSC 3319, Box 5968 APO AE 70535",1
S255,Rachel,Kline,2006-02-22,male,browndana@hotmail.com,532.233.2564,8W4DYbHL@&,646-52-6291,2025-01-14,West Virginia,"40437 Matthew Glens South Davidhaven, SC 86379",1
S256,Richard,Holmes,2005-05-29,female,croberts@hotmail.com,8828479900,Y51tIr9g(L,142-17-5426,2025-02-07,Hawaii,"66601 Smith Lodge Apt. 506 Jacksonburgh, DE 48245",1
S257,Douglas,Smith,2003-04-25,female,bradley69@hotmail.com,563-657-3031,QKI6Z#FsT),566-18-7737,2025-01-22,New Hampshire,"388 Zachary Mission Suite 052 Michaelburgh, DC 53480",1
S258,Edward,Bright,2005-01-24,male,thomas78@hotmail.com,9595538431,&%_sUlYc6C,644-70-9582,2025-03-11,Nevada,"25125 Anderson Gateway Jonesburgh, WY 54734",1
S259,Benjamin,Taylor,2002-12-18,male,travis64@yahoo.com,6826243505,)xtgKYhTg4,336-92-5210,2025-02-26,Colorado,"2963 Murphy Motorway Robertfurt, SC 86028",1
S260,Gary,King,2002-08-25,female,ywilcox@murphy-ramsey.com,317-089-9966,_1MxkNYln),390-59-0678,2025-01-28,Georgia,"699 Allison Locks South Victoria, TN 24248",1
S261,Sheri,Lopez,2003-05-27,male,kaylalogan@kelley-wilkerson.com,2103065147,X(U4L!a_dD,829-49-9985,2025-02-19,Nebraska,"847 Heather Square Maddoxborough, OH 55282",1
S262,Amy,Roberts,2002-05-08,male,pwarner@obrien.com,+1-301-444-4446,5Z(47Re(@b,528-04-5212,2025-01-13,Mississippi,USNV Brown FPO AP 71747,1
S263,Julia,Young,2002-05-24,male,jorgemorton@vaughn.com,2440017088,^zA5Zb+GPF,481-27-8178,2025-01-07,South Dakota,"5867 Michael Glens North Lauren, DE 23975",1
S264,Wendy,Fischer,2004-12-11,male,rileyrebecca@hotmail.com,573-529-9777,(O0AI1Avy^,581-85-9437,2025-03-05,Louisiana,"545 Evans Mills Davismouth, MI 29800",1
S265,Lucas,Patel,2005-08-04,female,idonovan@duffy.info,920-408-9542,V!E53g7s+1,267-43-7989,2025-03-05,North Carolina,"925 Leon Crest Suite 542 Elizabethside, AR 23452",1
S266,Henry,Dillon,2003-08-25,male,olsoncarrie@flores-reilly.com,+1-385-373-6888,BdE7hHTu^X,299-41-3957,2025-03-18,Illinois,"09456 Murphy Trafficway Suite 506 Timothyview, OK 14486",1
S267,Mary,Mullins,2002-10-26,female,adam01@yahoo.com,(469)088-8262,qQ0qZfgv$D,097-42-5675,2025-03-06,Massachusetts,"3881 Todd Hollow Apt. 507 Heatherhaven, MD 03223",1
S268,Linda,Howard,2003-05-28,male,dennismorris@haynes.org,371.278.1291,il3CoYqk_%,123-49-2286,2025-01-01,New York,"44505 Gilmore Drives Apt. 340 West Shelley, MA 30064",1
S269,Vanessa,Lee,2003-09-02,male,robert05@swanson.org,883.100.3840,)5R6AcGkj^,740-03-5232,2025-03-07,Hawaii,"446 Anthony Trace Apt. 426 Port Bryan, CT 10433",1
S270,Regina,Mcguire,2002-07-29,male,yfox@gmail.com,337-331-6332,&*hIsfZI52,055-16-8008,2025-03-04,Nebraska,"4717 Abigail Squares Suite 261 New Jorgeberg, IN 00952",1
S271,Aaron,Ross,2004-12-19,male,longeric@gmail.com,8391338663,^iwUsXqf2G,319-88-2537,2025-01-11,Maine,"0666 Anderson Spur Yangton, AR 60511",1
S272,Cathy,Jones,2002-08-11,female,dgeorge@yahoo.com,847-706-3313,qE_Qc4kjE^,234-26-4634,2025-02-19,Texas,"563 Erin Burg Bryantside, GA 49472",1
S273,Jennifer,Mann,2005-11-07,female,vickie70@yahoo.com,572-117-2896,lw^I9Cvw5^,609-78-1527,2025-02-08,Indiana,"300 Hunter Harbors East Mike, MA 60164",1
S274,Kimberly,Thomas,2006-12-04,male,nancy33@gmail.com,+1-861-778-3043,DE$3LNElim,835-78-8451,2025-01-23,Nevada,"22697 Lee Orchard Apt. 747 Lake Alexisfurt, TN 71484",1
S275,Julie,Sparks,2003-10-27,female,melissareyes@reynolds-gonzalez.info,028-725-5656,)w9iwYKuV3,330-46-6358,2025-02-25,Alaska,USCGC Chen FPO AA 00820,1
S276,Maria,Carpenter,2005-07-27,female,andersonstephen@yahoo.com,721-614-8621,nA((6Dnb)G,669-49-2907,2025-01-01,Delaware,USS Warren FPO AA 03954,1
S277,Casey,Cunningham,2003-03-20,female,barkerkathy@hotmail.com,993.009.9497,ks4ACyja3@,066-69-6173,2025-01-15,Louisiana,"102 Guerrero Springs Rodriguezmouth, KS 22432",1
S278,Kelsey,Clark,2003-06-24,female,ucarter@burgess.org,(182)128-7547,+!FKPSdOx8,305-34-7443,2025-01-18,Oregon,"68113 Timothy Lights Apt. 999 Christopherborough, AK 30133",1
S279,Cynthia,Santana,2005-12-01,female,trevinoangela@walker.biz,(560)752-9339,F(1oUVvN)Z,192-36-9112,2025-02-22,Nevada,Unit 8676 Box 8170 DPO AE 13512,1
S280,Audrey,Liu,2004-07-11,male,umorrison@yahoo.com,714.823.8181,F+x4BZk3l!,096-13-1653,2025-03-28,Kentucky,"606 Juan Cliff Josephton, TX 77664",1
S281,Bradley,Maldonado,2002-10-17,male,alexandriakelley@glass.com,479.805.5990,*ps0D@Ln!u,223-68-6225,2025-01-15,Rhode Island,"06642 Patton Underpass Suite 810 South Stuart, NV 62050",1
S282,Henry,Williams,2004-02-03,female,worr@hall.com,(307)073-8349,+*6Aor8%P0,187-25-5672,2025-01-26,Iowa,"08843 Aaron Villages Apt. 314 Matthewsborough, MT 31045",1
S283,Jamie,Gamble,2003-08-03,female,cynthiawatson@yahoo.com,736.394.7942,nwB9ptApA),825-46-1520,2025-02-26,Alabama,"3637 Moore Hills Coreyside, HI 27528",1
S284,James,Stewart,2004-09-07,female,chambersjuan@hotmail.com,3915526458,nWV75JrQ%D,628-64-7127,2025-03-19,South Carolina,"560 George Skyway Apt. 937 South Lindaburgh, WV 85439",1
S285,Amber,Smith,2006-05-17,male,markparrish@alvarado.biz,(040)090-4681,%32Fxm&57q,153-77-0155,2025-01-26,Kansas,"673 Ford Station East Laura, MD 95604",1
S286,Michael,Hoffman,2004-06-21,male,dawn33@yahoo.com,5565535012,_w8f5HLcg$,325-78-8326,2025-02-17,Michigan,"72872 Williams Estates Apt. 267 Edwardside, ID 98708",1
S287,Danny,Williams,2003-01-05,female,rjohnson@allen-mckinney.com,481-820-9401,*b2NfXkA%3,454-05-0822,2025-02-04,Arizona,"256 Ronald Expressway Muellerborough, WA 25835",1
S288,Antonio,Jones,2005-09-06,female,sandrasaunders@yahoo.com,841-929-8860,Bj6rN7KrS&,679-86-5584,2025-03-12,Texas,"2495 Lewis Cape Lake Joann, VA 14337",1
S289,James,Stanley,2003-03-18,female,kathrynkirby@yahoo.com,+1-893-449-6319,su$3j2V3!9,784-51-9904,2025-02-24,Minnesota,USNV Young FPO AA 24268,1
S290,Dale,Michael,2004-10-16,female,middletonpaul@gmail.com,1555817782,^EpPDQUtl1,760-18-1309,2025-02-14,West Virginia,"2477 Carter Trace Hernandezstad, CO 98641",1
S291,Desiree,White,2006-09-11,female,faith82@yahoo.com,692-505-1631,jS4nc9gs@_,804-30-7796,2025-01-25,Illinois,"450 Potts Union Collinschester, AZ 00584",1
S292,Spencer,Adams,2003-02-04,male,fmathews@scott-long.org,(436)279-2291,(mO^LxcM1j,714-11-6595,2025-03-27,Minnesota,USNS Carter FPO AA 36358,1
S293,Michele,Vargas,2003-07-11,male,darrell31@carrillo-glover.com,733.965.7983,j8VJvCi4(F,210-15-7358,2025-01-22,Oregon,"87133 Henry Fall Apt. 481 Port Markhaven, ID 09903",1
S294,Donald,Davis,2004-03-13,male,zfernandez@gmail.com,211.967.3283,U0FS#YaW)W,088-38-1828,2025-01-09,Michigan,"344 Michael Pike Suite 603 Ryanport, OK 52022",1
S295,Julia,Olson,2002-09-06,female,cchurch@yahoo.com,348366387,!%1G5VEqEx,023-16-7930,2025-03-02,Texas,"3161 Gonzales Stream Suite 695 West Robert, TN 24545",1
S296,Ian,Velasquez,2004-04-04,male,gonzalezdarrell@ball.org,894-194-5005,j+_l7uBr$K,724-87-2314,2025-03-04,Montana,"9192 Sandoval Park Kingfort, SC 45040",1
S297,Melinda,Vargas,2003-06-03,male,barnesdeborah@gilbert.com,132.791.1151,_Q&RY)lh8X,105-43-8017,2025-03-14,Alaska,"697 Peter Courts Ericksonland, DC 22070",1
S298,John,Padilla,2005-07-20,female,reyesjason@wyatt.info,765.159.6399,_LHy!)DFE3,196-18-5714,2025-02-18,Pennsylvania,"53051 Thompson Unions Apt. 447 Evanview, DE 02276",1
S299,Stacy,Snow,2005-06-01,female,jamie42@young-green.biz,514-093-9033,7kVdJuGl^0,462-62-5786,2025-03-22,California,"86773 Alexander Pines New Christinebury, FL 60230",1
S300,Christopher,Bray,2006-07-27,female,ahamilton@hotmail.com,498-178-2745,V19RaNc2(S,732-37-8909,2025-01-05,Nevada,"4632 David Fort Claudiaberg, UT 40763",1
